{"info": {"description": null, "url": null, "version": null, "year": 2023, "contributor": null, "date_created": "2023-11-25 03:04:45.713238"}, "licenses": [{"url": null, "id": 0, "name": null}], "images": [{"license": 0, "url": null, "file_name": "CapitalHarnessDesignerConnector1R.jpg", "height": 255, "width": 262, "date_captured": null, "id": 0}, {"license": 0, "url": null, "file_name": "Connector121212R.jpg", "height": 271, "width": 280, "date_captured": null, "id": 1}, {"license": 0, "url": null, "file_name": "Connector12311angleR.jpg", "height": 307, "width": 278, "date_captured": null, "id": 2}, {"license": 0, "url": null, "file_name": "Connector90AngleBlackR.jpg", "height": 352, "width": 362, "date_captured": null, "id": 3}, {"license": 0, "url": null, "file_name": "Connector90AngleRedR.jpg", "height": 352, "width": 362, "date_captured": null, "id": 4}, {"license": 0, "url": null, "file_name": "ConnectorBentAngleredR.jpg", "height": 271, "width": 286, "date_captured": null, "id": 5}, {"license": 0, "url": null, "file_name": "ConnectorGroupt233R.jpg", "height": 435, "width": 538, "date_captured": null, "id": 6}, {"license": 0, "url": null, "file_name": "ConnectorInGroupR.jpg", "height": 411, "width": 630, "date_captured": null, "id": 7}, {"license": 0, "url": null, "file_name": "ConnectorreverBlack12323R.jpg", "height": 350, "width": 307, "date_captured": null, "id": 8}, {"license": 0, "url": null, "file_name": "ConnectorreverREd12323R.jpg", "height": 350, "width": 307, "date_captured": null, "id": 9}, {"license": 0, "url": null, "file_name": "Connectors2323232R.jpg", "height": 122, "width": 263, "date_captured": null, "id": 10}, {"license": 0, "url": null, "file_name": "harnessxc_Connector_FEAT13530_Conn_styling_ver_RegTestAK01_goldenreference_FEAT13530_HAK00_D1R.jpg", "height": 768, "width": 1024, "date_captured": null, "id": 11}, {"license": 0, "url": null, "file_name": "harnessxc_Connector_Flow_Connector_Backshell_RegTest_goldenreference_Connector_Backshell_GKR.jpg", "height": 768, "width": 1024, "date_captured": null, "id": 12}, {"license": 0, "url": null, "file_name": "harnessxc_Connector_SP1010_711237_RegTestSK_goldenreference_711237_SKR.jpg", "height": 768, "width": 1024, "date_captured": null, "id": 13}, {"license": 0, "url": null, "file_name": "harnessxc_LDorado_SymbolSync_goldenreference_ConnectorR.jpg", "height": 768, "width": 1024, "date_captured": null, "id": 14}], "type": "instances", "annotations": [{"id": 0, "image_id": 0, "category_id": 1, "segmentation": [[7.1834319526627155, 16.25739644970414, 212.50887573964496, 192.29289940828403]], "area": 36462.0, "bbox": [7.0, 16.0, 206.0, 177.0], "iscrowd": 0}, {"id": 1, "image_id": 1, "category_id": 1, "segmentation": [[49.59119496855348, 101.53773584905662, 167.51572327044028, 261.2861635220126]], "area": 19159.0, "bbox": [49.0, 101.0, 119.0, 161.0], "iscrowd": 0}, {"id": 2, "image_id": 2, "category_id": 1, "segmentation": [[19.178571428571445, 28.50000000000002, 260.60714285714283, 258.8571428571429]], "area": 55902.0, "bbox": [19.0, 28.0, 242.0, 231.0], "iscrowd": 0}, {"id": 3, "image_id": 3, "category_id": 1, "segmentation": [[71.77868852459017, 43.21311475409836, 296.77868852459017, 301.0]], "area": 58534.0, "bbox": [71.0, 43.0, 226.0, 259.0], "iscrowd": 0}, {"id": 4, "image_id": 4, "category_id": 1, "segmentation": [[69.31967213114754, 41.98360655737705, 297.5983606557377, 301.81967213114757]], "area": 59769.0, "bbox": [69.0, 41.0, 229.0, 261.0], "iscrowd": 0}, {"id": 5, "image_id": 5, "category_id": 1, "segmentation": [[27.11949685534593, 27.952830188679254, 268.85313406328413, 270.0]], "area": 59048.0, "bbox": [27.0, 27.0, 242.0, 244.0], "iscrowd": 0}, {"id": 6, "image_id": 6, "category_id": 1, "segmentation": [[46.02020202020202, 212.44949494949492, 175.31313131313132, 362.449494949495]], "area": 19630.0, "bbox": [46.0, 212.0, 130.0, 151.0], "iscrowd": 0}, {"id": 7, "image_id": 7, "category_id": 1, "segmentation": [[390.8373205741626, 128.944976076555, 518.1100478468899, 275.35645933014354]], "area": 19092.0, "bbox": [390.0, 128.0, 129.0, 148.0], "iscrowd": 0}, {"id": 8, "image_id": 8, "category_id": 1, "segmentation": [[82.97154471544715, 102.23577235772358, 205.73577235772356, 209.95934959349592]], "area": 13392.0, "bbox": [82.0, 102.0, 124.0, 108.0], "iscrowd": 0}, {"id": 9, "image_id": 9, "category_id": 1, "segmentation": [[83.37804878048783, 102.64227642276423, 206.95528455284554, 210.36585365853657]], "area": 13516.0, "bbox": [83.0, 102.0, 124.0, 109.0], "iscrowd": 0}, {"id": 10, "image_id": 10, "category_id": 1, "segmentation": [[58.087301587301575, 10.523809523809526, 147.92857142857144, 98.46031746031747]], "area": 8010.0, "bbox": [58.0, 10.0, 90.0, 89.0], "iscrowd": 0}, {"id": 11, "image_id": 11, "category_id": 1, "segmentation": [[498.75311720698255, 311.68079800498754, 526.4339152119701, 339.8603491271821]], "area": 841.0, "bbox": [498.0, 311.0, 29.0, 29.0], "iscrowd": 0}, {"id": 12, "image_id": 11, "category_id": 1, "segmentation": [[439.65087281795513, 373.2768079800499, 470.32418952618457, 401.9551122194514]], "area": 928.0, "bbox": [439.0, 373.0, 32.0, 29.0], "iscrowd": 0}, {"id": 13, "image_id": 11, "category_id": 1, "segmentation": [[554.8628428927681, 372.02992518703246, 586.2842892768081, 402.70324189526184]], "area": 1023.0, "bbox": [554.0, 372.0, 33.0, 31.0], "iscrowd": 0}, {"id": 14, "image_id": 11, "category_id": 1, "segmentation": [[498.0049875311721, 433.8753117206983, 527.1820448877805, 460.55860349127187]], "area": 840.0, "bbox": [498.0, 433.0, 30.0, 28.0], "iscrowd": 0}, {"id": 15, "image_id": 12, "category_id": 1, "segmentation": [[349.94642857142856, 346.5, 400.8392857142858, 383.10714285714283]], "area": 1976.0, "bbox": [349.0, 346.0, 52.0, 38.0], "iscrowd": 0}, {"id": 16, "image_id": 12, "category_id": 1, "segmentation": [[561.5535714285714, 303.6428571428571, 611.5535714285714, 339.35714285714283]], "area": 1887.0, "bbox": [561.0, 303.0, 51.0, 37.0], "iscrowd": 0}, {"id": 17, "image_id": 12, "category_id": 1, "segmentation": [[565.125, 396.5, 616.0178571428571, 433.10714285714283]], "area": 1976.0, "bbox": [565.0, 396.0, 52.0, 38.0], "iscrowd": 0}, {"id": 18, "image_id": 13, "category_id": 1, "segmentation": [[298.7647058823529, 174.26470588235293, 385.52941176470586, 280.1470588235294]], "area": 9416.0, "bbox": [298.0, 174.0, 88.0, 107.0], "iscrowd": 0}, {"id": 19, "image_id": 13, "category_id": 1, "segmentation": [[357.5882352941176, 405.1470588235294, 447.29411764705884, 484.5588235294117]], "area": 7280.0, "bbox": [357.0, 405.0, 91.0, 80.0], "iscrowd": 0}, {"id": 20, "image_id": 13, "category_id": 1, "segmentation": [[598.029411764706, 211.76470588235293, 704.6470588235294, 308.0882352941176]], "area": 10486.0, "bbox": [598.0, 211.0, 107.0, 98.0], "iscrowd": 0}, {"id": 21, "image_id": 14, "category_id": 1, "segmentation": [[149.0535714285715, 150.0714285714286, 445.4821428571429, 757.2142857142857]], "area": 180576.0, "bbox": [149.0, 150.0, 297.0, 608.0], "iscrowd": 0}, {"id": 22, "image_id": 14, "category_id": 1, "segmentation": [[457.9821428571429, 152.75000000000003, 797.2678571428572, 761.6785714285713]], "area": 208010.0, "bbox": [457.0, 152.0, 341.0, 610.0], "iscrowd": 0}], "categories": [{"supercategory": null, "id": 0, "name": "_background_"}, {"supercategory": null, "id": 1, "name": "connector"}]}